,country,expected_years_of_schooling
5689,Türkiye,17.32136917
6035,Vanuatu,10.91166435
5869,United States of America,15.63597679
6058,Samoa,12.00415039
4381,Panama,13.05787868
5068,Serbia,12.96475983
957,Canada,16.39625931
4807,Sudan,5.117388133
5470,Thailand,15.88221913
1846,Fiji,14.32634988
3027,South Korea,16.77609062
3283,Sri Lanka,13.49294788
4473,Palau,16.35988484
1770,Ethiopia,4.308070183
1505,Denmark,14.20090961
3284,Sri Lanka,13.61217976
244,Antigua and Barbuda,14.98256016
668,Belarus,15.40478992
3716,Malta,13.20353031
4440,Philippines,12.64978981
1215,Colombia,14.44274998
1630,Ecuador,14.62423038
5408,Togo,7.492650032
1868,France,14.62263966
4594,Portugal,15.95997047
3141,Liberia,11.96958591376549
3607,Mexico,13.87195969
1449,Djibouti,3.021450043
4554,North Korea,11.96958591376549
213,Armenia,13.12232971
1190,Colombia,11.00516987
3407,Latvia,15.96102047
208,Armenia,11.92465019
2638,Iceland,17.98419952
2579,Iran (Islamic Republic of),12.70823956
3318,Lesotho,12.36983013
5159,Suriname,11.56020157
5850,Uruguay,16.63433075
109,Andorra,10.94253
2767,Jordan,12.7048502
4047,Niger,3.628170013
4011,Namibia,11.90608978
1536,Dominican Republic,9.143647877
1733,Estonia,12.90907955
2708,Italy,16.47192001
761,Brazil,15.36513042
3300,Lesotho,8.75881958
2149,Equatorial Guinea,11.96958591376549
4700,Romania,14.27499962
399,Belgium,18.71475983
1904,Micronesia,11.030318
3577,Maldives,12.5176847
5396,Chad,6.616559982
1236,Comoros,10.76564007
1842,Fiji,14.12112983
5151,Sao Tome and Principe,13.36538506
559,Bahrain,13.08207035
5848,Uruguay,16.32092094
6103,Yemen,9.09871006
2960,Kiribati,11.76896954
3866,Mozambique,9.926485062
5363,Syrian Arab Republic,11.51060963
2422,Haiti,8.948
2080,Gambia,4.672284859
5583,Tonga,14.70529343
2278,Guyana,10.28722913
5657,Tunisia,14.8910799
133,United Arab Emirates,10.92536893
3310,Lesotho,10.67878008
4925,Solomon Islands,10.32869027
1020,Chile,16.58595085
438,Benin,11.99856472
3938,Malawi,6.851079941
3696,Mali,6.502524972
98,Andorra,10.79878
4745,Rwanda,7.171490192
428,Benin,7.881559849
5777,Uganda,10.8969367
4996,San Marino,11.96958591376549
1297,Costa Rica,13.05919402
5336,Seychelles,14.26441002
2330,Hong Kong,16.46666908
1126,Democratic Republic of the Congo,6.819668969
2614,Iraq,11.17797675
4883,Singapore,14.5
4828,Sudan,7.859990261
923,Central African Republic,7.679581304
405,Belgium,19.12809944
5690,Türkiye,17.69868088
861,Bhutan,13.22500478
5043,Somalia,11.96958591376549
29,Afghanistan,10.26384398
661,Belarus,15.72727013
5157,Suriname,11.63563832
1259,Cabo Verde,11.26502991
1534,Denmark,18.71479988
4017,Namibia,11.60042298
2991,Saint Kitts and Nevis,14.27287827
4112,Nicaragua,10.91788199
5209,Slovakia,14.67733955
2865,Kenya,9.739919662
3724,Malta,13.9998703
895,Botswana,12.26513765
2433,Hungary,11.11417961
2354,Honduras,10.16366959
675,Belize,10.44790371
577,Bahamas,11.96958591376549
6086,Yemen,7.357606016
728,Bolivia (Plurinational State of),14.04903984
5849,Uruguay,16.34380913
4611,Paraguay,9.436340332
720,Bolivia (Plurinational State of),13.92763519
4001,Namibia,10.83835983
44,Angola,5.414593379
4551,North Korea,11.96958591376549
4889,Singapore,16.1
4479,Palau,15.78432
2279,Guyana,10.3959875
6140,South Africa,13.53530979
3874,Mauritania,4.146910191
4379,Panama,12.95616796
1289,Costa Rica,11.36268663
1789,Ethiopia,9.651071421
4949,Sierra Leone,9.072145944
4232,Nauru,11.96958591376549
946,Canada,15.17990971
2228,Grenada,17.88404147
702,Belize,12.99168968
5554,Timor-Leste,12.21044827
278,Australia,22.62538878
5007,San Marino,11.96958591376549
5050,Somalia,11.96958591376549
69,Albania,10.16617012
6116,South Africa,12.89400959
61,Angola,12.1721
1136,Democratic Republic of the Congo,7.900360386
3352,Lithuania,16.46250916
4509,Papua New Guinea,10.36077074
494,Bangladesh,8.501474762
6114,South Africa,12.30349636
4541,Poland,16.0271492
2954,Kiribati,10.38836956
954,Canada,16.00966072
4547,North Korea,11.96958591376549
1841,Fiji,14.06982481
821,Brunei Darussalam,14.34918022
182,Argentina,17.10737038
881,Botswana,12.53254986
5709,Tuvalu,10.90167821
2848,Kenya,7.605321279
5993,Viet Nam,10.6785155
16,Afghanistan,7.926955986
3518,Moldova,14.43299961
1486,Dominica,12.84987045
4377,Panama,12.70656967
3519,Moldova,14.43299961
420,Benin,5.772693333
2844,Kazakhstan,15.44011021
3622,Marshall Islands,11.96958591376549
477,Burkina Faso,9.262040138
3956,Malawi,10.7601099
4038,Niger,2.461354494
4845,Senegal,6.234305859
5215,Slovakia,14.51303959
1107,Cameroon,9.870570183
2223,Grenada,16.93643998
3083,Lao People's Democratic Republic,8.008970261
221,Armenia,13.10608959
5772,Uganda,9.697890917
3930,Mauritius,15.09776974
2276,Guyana,10.07311384
5625,Trinidad and Tobago,13.99219652
1829,Fiji,12.79509989
1397,Czechia,16.07696915
5052,Somalia,11.96958591376549
5142,Sao Tome and Principe,10.60344028
1964,United Kingdom,16.10576057
2134,Guinea-Bissau,9.84512905
2648,Iceland,19.58976936
309,Austria,16.0272007
439,Benin,12.55957985
4329,Pakistan,5.115082227
5020,San Marino,11.89288998
1,Afghanistan,2.806550026
2831,Kazakhstan,14.38154697
1929,Gabon,12.15069008
2678,Israel,16.09416008
574,Bahrain,16.29755974
6047,Vanuatu,11.53531503
4,Afghanistan,3.714050055
1999,Georgia,13.7594099
516,Bulgaria,11.80574036
4739,Rwanda,6.14519008
3200,Saint Lucia,13.84337435
3453,Morocco,13.95818996
4307,Oman,13.3710804
4283,New Zealand,18.83856964
4933,Sierra Leone,5.078389835
836,Bhutan,5.603202172
967,Switzerland,14.80767012
4859,Senegal,9.057225227
5012,San Marino,11.96958591376549
1122,Democratic Republic of the Congo,6.406913956
5605,Trinidad and Tobago,11.2391725
5918,Uzbekistan,12.47714043
4448,Palau,15.608346815
1864,France,15.69322014
4829,Sudan,7.945187858
2717,Italy,16.22678947
4735,Russian Federation,15.76636982
74,Albania,10.5894804
2511,India,9.650395393
1338,Cuba,13.81694984
4942,Sierra Leone,7.158299829
2430,Haiti,9.7
3474,Monaco,11.96958591376549
1124,Democratic Republic of the Congo,6.608461029
1810,Finland,17.04219055
3498,Moldova,9.838028244
2028,Ghana,7.619709969
3617,Marshall Islands,11.96958591376549
5310,Eswatini,13.74434586
4086,Nigeria,8.861738897
2791,Japan,14.02762
5891,Uzbekistan,10.83678314
1288,Costa Rica,11.21103001
2787,Japan,13.46142483
5450,Thailand,11.23178005
5124,Sao Tome and Principe,8.567462643
4364,Panama,12.73756981
1592,Algeria,14.3813828
1663,Egypt,13.78649972
4481,Papua New Guinea,3.951165325
3644,Marshall Islands,10.35272626
4597,Portugal,16.21479988
5669,Türkiye,9.732910156
5165,Suriname,11.52178391
1355,Cyprus,12.50660992
3391,Luxembourg,14.39813995
5534,Turkmenistan,13.21039963
4718,Russian Federation,13.84131527
1726,Spain,17.91690063
2003,Georgia,13.50502968
3233,Liechtenstein,11.96958591376549
2541,Ireland,16.98218918
2088,Gambia,6.043708288
5161,Suriname,11.48476481
2185,Greece,13.7697401
5644,Tunisia,13.43704987
4358,Panama,11.32726955
3421,Latvia,16.20252991
6004,Viet Nam,12.48615055
6179,Zimbabwe,10.03462315
4688,Romania,14.0582304
4235,Nauru,9.690799713
1516,Denmark,16.31981087
892,Botswana,12.27946483
3426,Morocco,6.601980209
4503,Papua New Guinea,8.915829167
2906,Kyrgyzstan,13.03036976
1587,Algeria,13.56070995
279,Australia,22.77989939
4159,Netherlands,18.69316522
5943,Saint Vincent and the Grenadines,14.19926023
3925,Mauritius,14.29753017
4304,Oman,11.78359985
4059,Niger,6.406770229
1670,Eritrea,5.232279778
5123,Sao Tome and Principe,8.481646891
1931,Gabon,12.18682003
5233,Slovenia,16.92316055
2740,Jamaica,12.76708589
4258,New Zealand,15.16473961
2762,Jordan,11.9365797
5518,Turkmenistan,12.01457256
5510,Turkmenistan,12.01457256
4655,Qatar,13.19303989
2965,Kiribati,11.8186087
5579,Tonga,13.40598965
4978,El Salvador,12.36439991
2072,Guinea,9.009260178
1821,Finland,19.05192947
1216,Comoros,8.155587341
4393,Peru,13.03771019
4196,Nepal,7.933139801
4901,Solomon Islands,7.180796146
3393,Latvia,12.55290985
903,Central African Republic,4.904709592
60,Angola,12.1721
5693,Türkiye,18.3382206
2312,Hong Kong,14.02618943
79,Albania,11.41928005
2546,Ireland,17.26186943
4890,Singapore,16.31657982
3249,Liechtenstein,14.42228985
1548,Dominican Republic,11.46365672
5594,Tonga,15.69036338
6194,Zimbabwe,10.76559088
2523,India,12.16333008
5029,Somalia,11.96958591376549
5339,Seychelles,13.89396954
2941,Cambodia,11.46772
850,Bhutan,10.6266098
697,Belize,12.79226017
4091,Nigeria,9.758482316
793,Barbados,15.49819365
1537,Dominican Republic,9.316756071
5241,Slovenia,17.29199028
4709,Russian Federation,11.77857018
1042,China,11.99339962
730,Bolivia (Plurinational State of),14.49550819
2757,Jordan,11.51270008
1996,Georgia,13.54679012
3250,Liechtenstein,14.65060997
5227,Slovenia,15.60025024
1817,Finland,19.31862068
781,Barbados,14.40439669
4736,Rwanda,5.632040024
2207,Greece,20.02878952
1009,Chile,14.72467041
4056,Niger,5.683529854
5116,South Sudan,5.54251
5810,Ukraine,14.78808975
4410,Peru,14.86186981
4140,Netherlands,16.30929947
3986,Malaysia,12.47745037
254,Antigua and Barbuda,14.18462641
6073,Samoa,12.31518221
281,Australia,23.08892059
3423,Latvia,16.20252991
5541,Timor-Leste,12.413273135
4782,Saudi Arabia,12.49409931
1201,Colombia,13.31727028
1584,Algeria,12.34442043
5479,Tajikistan,9.9062047
5570,Tonga,12.41059662
5711,Tuvalu,10.93419671
3482,Monaco,11.96958591376549
3813,Mongolia,7.67553997
4921,Solomon Islands,10.48410569
3061,Kuwait,14.02091904
538,Bulgaria,14.64490986
2949,Kiribati,10.85208988
6203,Zimbabwe,11.85394325
3652,North Macedonia,10.72274017
3499,Moldova,10.1809489
3170,Libya,14.34471211
2538,Ireland,16.4296093
2411,Haiti,7.98889125
5639,Tunisia,11.77896023
1238,Comoros,11.08738003
5985,Viet Nam,8.153502345
5815,Ukraine,14.82952976
2079,Guinea,9.805297465
4900,Solomon Islands,7.179950237
2973,Kiribati,11.801993
987,Switzerland,16.32843971
126,Andorra,13.30023874
2606,Iraq,10.15952969
3363,Luxembourg,11.43727764
381,Burundi,10.72272189
1962,United Kingdom,16.09623909
4583,Portugal,15.65526009
211,Armenia,12.95680046
3781,Montenegro,11.96958591376549
6053,Samoa,11.9775
2655,Iceland,19.16305923
3131,Lebanon,11.28587
2839,Kazakhstan,15.07024002
1080,Côte d'Ivoire,8.536709785
2542,Ireland,17.24028015
1916,Micronesia,11.54947988
666,Belarus,15.58063984
5084,Serbia,14.73746967
1175,Congo,10.94790996
3949,Malawi,10.29662514
900,Central African Republic,4.532211977
2918,Cambodia,7.390793218
1120,Democratic Republic of the Congo,6.211513732
4730,Russian Federation,15.20600986
3802,Montenegro,14.89723969
332,Azerbaijan,10.66972088
1012,Chile,15.10027027
4184,Norway,17.68293953
2162,Equatorial Guinea,8.196451015
1878,France,15.26072025
5268,Sweden,15.92706966
1692,Eritrea,8.057060598
2985,Saint Kitts and Nevis,13.7950943
5384,Chad,4.477240086
2024,Ghana,7.373163743
5189,Slovakia,12.04553986
5708,Tuvalu,10.88541895
4483,Papua New Guinea,4.307907813
3199,Libya,12.85428
3477,Monaco,11.96958591376549
2862,Kenya,9.222590446
806,Brunei Darussalam,12.75127506
3543,Madagascar,10.37396002
990,Switzerland,16.50029945
3858,Mozambique,9.551600456
5320,Seychelles,11.97716045
2502,India,8.175550461
3024,South Korea,16.44425964
5039,Somalia,11.96958591376549
5619,Trinidad and Tobago,13.08219282
3833,Mongolia,14.8045454
1659,Egypt,13.32623959
416,Benin,5.29268
3963,Malawi,12.21168316
1396,Czechia,16.01416016
4202,Nepal,8.959230423
2879,Kenya,10.69855835
2184,Greece,13.81110001
5200,Slovakia,14.42905045
2251,Guatemala,8.655271258
396,Belgium,18.42923927
715,Bolivia (Plurinational State of),14.34016643
3668,North Macedonia,12.84206009
966,Switzerland,14.57855034
5648,Tunisia,14.25150013
5234,Slovenia,16.95817947
5179,Suriname,12.97045829
5822,Ukraine,14.95656854
1283,Costa Rica,10.45274687
1022,Chile,16.73130035
382,Burundi,10.72272189
5916,Uzbekistan,12.25255966
3673,North Macedonia,13.32861996
6197,Zimbabwe,11.27937751
1002,Chile,13.15431976
272,Australia,21.69832516
3257,Liechtenstein,14.71424007
1851,Fiji,14.58287496
1599,Algeria,14.62689602
4322,Pakistan,4.734723825
5683,Türkiye,12.97735977
2936,Cambodia,11.13682789
4451,Palau,15.608346815
4051,Niger,4.374360085
3067,Kuwait,15.00589617
3508,Moldova,13.26723481
5494,Tajikistan,11.30372047
4508,Papua New Guinea,10.104625
3214,Saint Lucia,12.16872025
4075,Nigeria,7.746399879
2485,Indonesia,12.59058952
177,Argentina,16.17280006
5217,Slovenia,12.04930973
2014,Georgia,15.56851959
739,Brazil,12.7706025
5750,Tanzania,8.987349892
2246,Guatemala,7.22197846
2163,Equatorial Guinea,8.33631365
5642,Tunisia,13.02898979
784,Barbados,15.03616158
2017,Ghana,6.826328267
5260,Sweden,18.60659027
64,Albania,11.60293007
594,Bahamas,12.3489141
4935,Sierra Leone,5.503199863
5431,Togo,12.26636982
6074,Samoa,12.33591766
1675,Eritrea,6.518129826
303,Austria,15.56980663
274,Australia,22.00734637
3988,Malaysia,12.85531998
5085,Serbia,14.65697002
1886,France,15.81206989
5231,Slovenia,16.70615959
2615,Iraq,11.3072805
3154,Liberia,9.7317335
1622,Ecuador,15.02369022
5497,Tajikistan,11.47789213
1567,Dominican Republic,14.46655802
622,Bosnia and Herzegovina,12.488
5446,Thailand,9.777119637
3661,North Macedonia,11.64132023
1812,Finland,16.93851089
6199,Zimbabwe,11.35614014
2158,Equatorial Guinea,7.637000475
5119,South Sudan,5.54251
3775,Myanmar,10.90913752
1432,Germany,16.73534012
3709,Mali,7.423037617
1382,Czechia,13.08154011
4170,Norway,17.49785995
1517,Denmark,16.47481537
743,Brazil,13.65957917
1442,Djibouti,2.787640095
2378,Croatia,12.32102013
2707,Italy,16.46048927
2,Afghanistan,3.109050035
222,Armenia,13.11676025
3712,Malta,12.67961025
2732,Jamaica,11.77513027
4997,San Marino,11.96958591376549
617,Bosnia and Herzegovina,13.137806665
398,Belgium,18.3640995
5280,Eswatini,9.369875389
1448,Djibouti,3.009010077
3025,South Korea,16.65792084
1258,Cabo Verde,11.53789997
1861,France,15.70378017
5584,Tonga,14.79484524
471,Burkina Faso,7.72631979
5524,Turkmenistan,10.81874549
1745,Estonia,16.1149292
2562,Iran (Islamic Republic of),10.35805479
635,Bosnia and Herzegovina,13.78761333
5192,Slovakia,12.87141037
3157,Liberia,9.834911
226,Antigua and Barbuda,14.60973302
3240,Liechtenstein,14.588335035
773,Barbados,13.45477443
2281,Guyana,10.61696583
505,Bangladesh,11.00469518
4780,Saudi Arabia,12.02990629
5115,South Sudan,5.54251
5844,Uruguay,15.41096973
4043,Niger,2.889072657
5150,Sao Tome and Principe,13.36538506
1742,Estonia,15.87446976
3527,Madagascar,7.622548993
2820,Kazakhstan,12.06182003
4961,El Salvador,9.195750237
6091,Yemen,8.226850033
6167,Zambia,10.92639243
4970,El Salvador,11.51992035
1265,Cabo Verde,12.34261036
1646,Egypt,11.2580204
5565,Timor-Leste,12.616098
1479,Dominica,12.80393867
5299,Eswatini,12.27886581
2429,Haiti,9.7
4349,Pakistan,8.658349991
2775,Jordan,10.93816566
5920,Saint Vincent and the Grenadines,11.70584267
362,Burundi,4.525563538
824,Brunei Darussalam,14.87514973
3914,Mauritius,12.23978043
4465,Palau,15.43237363
2547,Ireland,17.03665924
3303,Lesotho,8.659733136
2177,Greece,12.93603039
4790,Saudi Arabia,14.70959582
5976,Venezuela (Bolivarian Republic of),14.12521
5273,Sweden,18.5685997
5971,Venezuela (Bolivarian Republic of),14.31676006
1408,Germany,14.56072642
2127,Guinea-Bissau,8.693940163
2635,Iceland,17.24799919
2770,Jordan,12.54397011
135,United Arab Emirates,11.16307764
2099,Gambia,7.964540005
6075,Samoa,12.35665312
1609,Ecuador,12.94741685
2940,Cambodia,11.33676945
1184,Colombia,8.941541632
2974,Kiribati,11.801993
1860,France,15.58909988
3625,Marshall Islands,10.29602303
345,Azerbaijan,12.81493173
4842,Senegal,5.464044094
1473,Dominica,12.80393867
2368,Croatia,9.487243058
442,Benin,12.61454964
752,Brazil,13.54003525
3645,Marshall Islands,10.2393198
1920,Gabon,11.83213
4132,Netherlands,17.31242943
1285,Costa Rica,10.75606012
4366,Panama,12.90060043
4332,Pakistan,5.278092971
2739,Jamaica,12.69840878
2304,Hong Kong,13.05466606
5458,Thailand,13.23031044
3112,Lebanon,14.17113667
1786,Ethiopia,9.096271752
2793,Japan,14.1330204
2587,Iran (Islamic Republic of),14.81373024
2864,Kenya,9.491789818
137,United Arab Emirates,11.40078636
5537,Timor-Leste,12.507159
1914,Micronesia,11.25026
4385,Peru,11.70501995
5799,Ukraine,12.58350601
4582,Portugal,15.43239975
2110,Gambia,9.418626299
4256,New Zealand,14.48279953
1290,Costa Rica,11.51434326
3017,South Korea,15.42980003
3130,Lebanon,10.83927
3688,Mali,3.98229003
4575,North Korea,10.78317
5505,Turkmenistan,11.596108435
4013,Namibia,11.87378979
2619,Iraq,11.8244955
2133,Guinea-Bissau,9.735424232
3940,Malawi,7.435420036
1684,Eritrea,8.03085041
5500,Tajikistan,11.60900119
2681,Israel,16.17112923
535,Bulgaria,14.90898991
5727,Tuvalu,9.40443
3288,Sri Lanka,13.92172654
2434,Hungary,11.21051025
560,Bahrain,13.21131992
1017,Chile,16.36503983
4328,Pakistan,5.060745313
3845,Mozambique,4.073319912
5400,Chad,7.879559994
1480,Dominica,12.80393867
4619,Paraguay,12.10713959
1543,Dominican Republic,10.42644165
93,Albania,14.81892014
2981,Saint Kitts and Nevis,13.47657166
5803,Ukraine,13.73404026
5008,San Marino,11.96958591376549
3045,Kuwait,11.45228958
2038,Ghana,11.13860035
1374,Cyprus,15.64826965
4874,Singapore,12.7
3741,Malta,16.83856964
495,Bangladesh,8.692130089
981,Switzerland,15.73497963
4626,Paraguay,11.96699047
2306,Hong Kong,13.29104873
2148,Equatorial Guinea,7.7069317925
6014,Viet Nam,12.9519325
2819,Kazakhstan,12.25097513
4701,Romania,14.22990036
3246,Liechtenstein,14.46243
5309,Eswatini,13.74434586
1068,Côte d'Ivoire,6.972862053
6089,Yemen,7.857729912
3053,Kuwait,13.30109978
5057,Serbia,12.45202477
6137,South Africa,14.00878525
3557,Maldives,9.747140926
3600,Mexico,12.91388988
283,Australia,21.95433044
3316,Lesotho,12.00497023
1024,China,8.630220413
4204,Nepal,9.161899567
3102,Lao People's Democratic Republic,10.13611031
4761,Rwanda,11.09284973
3424,Morocco,6.517419815
3676,North Macedonia,13.50732994
1039,China,11.09269829
5739,Tanzania,6.652585433
1261,Cabo Verde,11.52488995
312,Austria,15.85573006
1774,Ethiopia,5.791399956
469,Burkina Faso,7.163340092
3048,Kuwait,13.21151495
243,Antigua and Barbuda,15.03483963
646,Belarus,12.90583038
1844,Fiji,14.22373985
3430,Morocco,7.467455149
3872,Mauritania,3.717259884
733,Bolivia (Plurinational State of),14.94697094
3220,Saint Lucia,13.08642137
507,Bangladesh,11.59809017
4796,Saudi Arabia,15.67512989
2919,Cambodia,7.450649897
5529,Turkmenistan,12.37347138
4663,Qatar,11.0530901
2275,Guyana,9.967733231
1793,Finland,15.21839046
692,Belize,12.43103027
1606,Ecuador,12.46827684
5484,Tajikistan,10.08977032
6002,Viet Nam,12.3896841
3886,Mauritania,7.289490223
2956,Kiribati,11.58656025
3811,Mongolia,7.741680145
5527,Turkmenistan,11.75158102
153,United Arab Emirates,13.30245607
4697,Romania,14.63422012
3973,Malaysia,10.28680992
3760,Myanmar,8.119428476
3868,Mozambique,10.09584184
2371,Croatia,10.89050961
6177,Zimbabwe,10.32256985
4145,Netherlands,16.63899994
2159,Equatorial Guinea,7.77686311
4129,Netherlands,14.92512989
2116,Guinea-Bissau,6.93763015
2599,Iraq,8.824444
2636,Iceland,17.69742966
2389,Croatia,14.54564953
912,Central African Republic,6.022202436
1950,Gabon,12.97731
6153,Zambia,8.376184464
1715,Spain,15.99135971
3304,Lesotho,8.584306399
4311,Oman,13.73921967
3342,Lithuania,16.04578018
5267,Sweden,15.73752022
1421,Germany,16.23650837
4131,Netherlands,15.07598972
4215,Nepal,12.66460037
184,Argentina,17.27013969
4394,Peru,12.87779045
3090,Lao People's Democratic Republic,9.44408989
1835,Fiji,13.2659351
2006,Georgia,13.90508008
1389,Czechia,14.83358955
679,Belize,11.13366187
1989,Georgia,11.00292015
5072,Serbia,13.53829956
2886,Kyrgyzstan,10.60842991
453,Burkina Faso,2.999229908
324,Azerbaijan,10.44034004
1583,Algeria,12.26202011
1086,Côte d'Ivoire,10.67558002
3139,Liberia,10.090915095
2421,Haiti,8.885
5485,Tajikistan,10.50277042
2189,Greece,15.1612196
4250,Nauru,11.06832328
2680,Israel,16.16893005
1177,Congo,11.39072609
5798,Ukraine,12.34071407
1562,Dominican Republic,14.14081955
3219,Saint Lucia,12.9246676
2285,Guyana,10.89680004
3570,Maldives,12.31131607
2885,Kyrgyzstan,10.57563972
6040,Vanuatu,11.22036906
2105,Gambia,8.643216471
4982,El Salvador,12.67521
2388,Croatia,14.40382957
3882,Mauritania,6.471035004
4022,Namibia,11.73571646
3448,Morocco,12.47205772
1689,Eritrea,8.03470993
4988,El Salvador,12.71449047
5925,Saint Vincent and the Grenadines,12.23086723
1341,Cuba,14.4114399
4177,Norway,17.56229973
4781,Saudi Arabia,12.25980603
547,Bahrain,13.58314037
320,Azerbaijan,11.0690403
5957,Venezuela (Bolivarian Republic of),10.78565001
589,Bahamas,12.28425333
1636,Egypt,10.24602401
4600,Portugal,16.51876068
649,Belarus,13.15797338
1961,United Kingdom,15.8917799
5563,Timor-Leste,12.39822
1514,Denmark,16.23390961
5348,Syrian Arab Republic,9.878669739
1353,Cyprus,12.51097965
5829,Uruguay,13.07879233
2567,Iran (Islamic Republic of),11.12385988
3457,Monaco,11.96958591376549
5728,Tanzania,5.693888074
796,Barbados,15.65930834
185,Argentina,17.40954971
3894,Mauritania,8.365590096
4580,Portugal,14.64418983
5878,United States of America,16.0998913
4259,New Zealand,15.97017002
3353,Lithuania,16.4450798
4203,Nepal,8.564680099
606,Bahamas,12.89945
1741,Estonia,15.71774006
4571,North Korea,10.78317
2170,Equatorial Guinea,9.315352095
890,Botswana,12.3081694
2664,Israel,14.86066024
217,Armenia,12.96794987
3006,Saint Kitts and Nevis,15.42769157
2073,Guinea,9.163121769
136,United Arab Emirates,11.281932
4952,Sierra Leone,9.259005461
5440,Thailand,8.434339523
3007,Saint Kitts and Nevis,15.42769157
355,Burundi,4.789209843
3331,Lithuania,11.84232998
2608,Iraq,10.41357063
1268,Cabo Verde,12.7974596
1635,Egypt,10.07908273
6042,Vanuatu,11.34488537
498,Bangladesh,8.651410103
6055,Samoa,12.0
4919,Solomon Islands,10.56268816
626,Bosnia and Herzegovina,13.3
4444,Philippines,13.19219971
3011,South Korea,13.93517971
5104,South Sudan,11.96958591376549
1620,Ecuador,14.70426355
3653,North Macedonia,10.93083954
53,Angola,9.560079575
2870,Kenya,10.39574252
5593,Tonga,15.60081157
3092,Lao People's Democratic Republic,9.954899788
4190,Norway,18.18519974
4477,Palau,15.89943297
2897,Kyrgyzstan,12.66928959
4189,Norway,18.18519974
1712,Spain,15.94079971
224,Antigua and Barbuda,14.704272079999999
6156,Zambia,8.726917267
1212,Colombia,14.39857006
306,Austria,15.77005959
2785,Japan,13.05280018
2577,Iran (Islamic Republic of),12.01554012
5881,United States of America,16.1919899
4212,Nepal,11.92319012
111,Andorra,10.82593
699,Belize,13.11357975
5129,Sao Tome and Principe,9.009742464
1094,Cameroon,7.444602311
2128,Guinea-Bissau,9.186900139
3953,Malawi,9.792160034
1328,Cuba,16.11899948
94,Albania,14.44799995
2531,Ireland,13.04246044
567,Bahrain,13.5202198
5070,Serbia,13.16234016
5762,Uganda,5.163599968
2314,Hong Kong,14.28016361
4635,Paraguay,12.70668574
3744,Myanmar,6.001580238
2627,Iceland,15.46640015
5904,Uzbekistan,11.44670963
4392,Peru,12.42867994
593,Bahamas,12.3839979
5908,Uzbekistan,11.46634007
841,Bhutan,7.096560001
5423,Togo,10.38064003
517,Bulgaria,12.14505005
1483,Dominica,12.75800689
5292,Eswatini,9.992480278
4891,Singapore,16.44087982
738,Brazil,12.54835833
6127,South Africa,13.26290104
6202,Zimbabwe,11.72748318
4266,New Zealand,17.43277898
3614,Mexico,14.86443996
5456,Thailand,12.79994011
113,Andorra,11.18277
5983,Venezuela (Bolivarian Republic of),12.81608
3540,Madagascar,10.15793514
4811,Sudan,5.73304987
5181,Suriname,13.03564357
958,Canada,16.39625931
5102,South Sudan,11.96958591376549
719,Bolivia (Plurinational State of),13.93571091
1234,Comoros,10.44390011
4640,Qatar,11.84733963
3788,Montenegro,12.24174907
3533,Madagascar,8.733585103
1168,Congo,9.517526627
4225,Nauru,10.317411495
2900,Kyrgyzstan,12.41543961
2568,Iran (Islamic Republic of),11.2939198
3367,Luxembourg,12.40548992
4117,Nicaragua,11.07403322
493,Bangladesh,8.310819435
5265,Sweden,15.72296047
1401,Czechia,16.8604393
4558,North Korea,11.96958591376549
5333,Seychelles,11.83082962
1071,Côte d'Ivoire,7.363823986
4824,Sudan,7.523449898
811,Brunei Darussalam,13.11894035
1390,Czechia,14.60776043
4723,Russian Federation,13.72636986
3525,Madagascar,7.252203623
5600,Trinidad and Tobago,11.11131308
2340,Honduras,8.65581398
3229,Saint Lucia,12.93918991
3975,Malaysia,11.17020353
5385,Chad,4.661309958
2478,Indonesia,11.06958961
1300,Costa Rica,13.99741827
4374,Panama,12.67351309
955,Canada,16.15789032
2249,Guatemala,8.081954139
6144,Zambia,7.529059887
2446,Hungary,14.97251987
1088,Cameroon,8.152429581
3647,Marshall Islands,10.2393198
2622,Iraq,12.08747317
4192,Nepal,7.460750103
1907,Micronesia,11.1116645
3987,Malaysia,12.6348896
6043,Vanuatu,11.40801004
2774,Jordan,11.13696957
5133,Sao Tome and Principe,9.37994957
1978,United Kingdom,17.41354465
1322,Cuba,12.33483982
5327,Seychelles,13.06902027
292,Austria,14.75572014
145,United Arab Emirates,12.35162121
4489,Papua New Guinea,5.592510934
1114,Cameroon,12.10426044
1370,Cyprus,14.74003983
1948,Gabon,12.9
5439,Togo,12.95049378
5232,Slovenia,16.86500931
2794,Japan,14.19752626
72,Albania,10.66944027
1436,Germany,16.93209076
774,Barbados,13.59114329
1037,China,10.48619423
931,Canada,16.8500309
5199,Slovakia,14.20277023
5880,United States of America,16.14966011
4846,Senegal,6.49105978
2883,Kyrgyzstan,11.25551987
5288,Eswatini,10.03640683
1471,Djibouti,7.43298
2484,Indonesia,12.33273029
4323,Pakistan,4.789060739
4519,Poland,13.7794199
3029,South Korea,16.87137985
3271,Sri Lanka,12.06216532
4242,Nauru,9.56649971
1459,Djibouti,5.583350182
848,Bhutan,9.828700066
3764,Myanmar,8.881032944
1343,Cuba,14.44305992
5922,Saint Vincent and the Grenadines,11.91309241
695,Belize,12.75833035
3818,Mongolia,9.397629738
1527,Denmark,19.14090919
5712,Tuvalu,10.95045597
5395,Chad,6.628439903
1426,Germany,16.48492384
1974,United Kingdom,15.67329979
3578,Maldives,12.54716593
2575,Iran (Islamic Republic of),11.53783035
1703,Spain,15.67298031
708,Bolivia (Plurinational State of),13.03919474
4076,Nigeria,8.150876681
3111,Lebanon,13.42690333
3359,Lithuania,16.28506088
5360,Syrian Arab Republic,11.42673969
2206,Greece,20.02878952
3852,Mozambique,6.869780064
2709,Italy,16.70663071
3808,Mongolia,10.1633997
2445,Hungary,15.2458601
5839,Uruguay,15.21078014
1091,Cameroon,7.83945477
1954,United Kingdom,14.27546978
3739,Malta,16.10407066
2305,Hong Kong,13.17232715
4298,Oman,10.62348595
4511,Papua New Guinea,10.36077074
779,Barbados,13.9832201
2132,Guinea-Bissau,9.625719413
5401,Chad,7.349349976
2386,Croatia,14.16623974
3278,Sri Lanka,12.89678848
3380,Luxembourg,13.93459988
2781,Jordan,10.56050968
1791,Ethiopia,9.651071421
2401,Haiti,7.23210375
3989,Malaysia,12.71901035
4673,Romania,10.99755001
3946,Malawi,10.34127998
3690,Mali,4.615330219
4227,Nauru,9.557694912
3559,Maldives,10.3082733
6081,Yemen,6.593797129
1563,Dominican Republic,14.22251987
4841,Senegal,5.207290173
2525,India,11.46362019
354,Burundi,4.496829987
816,Brunei Darussalam,14.14715958
142,United Arab Emirates,11.99505814
3427,Morocco,6.822780132
2055,Guinea,4.186532468
2514,India,10.48252964
963,Switzerland,14.13531971
2230,Grenada,18.27810478
5933,Saint Vincent and the Grenadines,13.23293972
404,Belgium,19.07272911
3624,Marshall Islands,11.96958591376549
1372,Cyprus,15.35606003
1161,Congo,9.62896862
736,Brazil,12.10387
1056,Côte d'Ivoire,5.553355463
2405,Haiti,7.53481875
1900,Micronesia,10.379546
4838,Senegal,4.903776073
5636,Tunisia,11.3098402
37,Angola,3.553429961
905,Central African Republic,5.153041335
1721,Spain,17.47447014
2699,Italy,15.37252045
2269,Guatemala,10.56245041
3563,Maldives,11.97014046
5274,Sweden,18.83242989
3072,Lao People's Democratic Republic,6.586619854
4525,Poland,15.46210957
3165,Liberia,10.34691919
2358,Honduras,10.06435013
3588,Mexico,10.80282021
1757,Estonia,15.92895985
889,Botswana,12.32254684
2343,Honduras,8.978925896
5691,Türkiye,17.98140907
3700,Mali,7.598370075
3176,Libya,15.32916684
3841,Mozambique,3.702022453
3996,Malaysia,13.54508018
5498,Tajikistan,11.5214298
3350,Lithuania,16.67333031
343,Azerbaijan,12.48489929
251,Antigua and Barbuda,14.37370453
546,Bahrain,13.32565022
220,Armenia,13.06861019
4537,Poland,16.01518949
4760,Rwanda,11.45512009
4512,Poland,12.23526001
2034,Ghana,10.03230953
1738,Estonia,14.98546982
1935,Gabon,12.37941444
1666,Eritrea,8.292456268999999
5101,South Sudan,11.96958591376549
2235,Grenada,18.48951912
2734,Jamaica,12.29020023
1411,Germany,15.50872993
3587,Mexico,10.7047596
2829,Kazakhstan,13.57870007
5415,Togo,8.917267799
3373,Luxembourg,13.52670002
1116,Cameroon,12.76488609
637,Bosnia and Herzegovina,13.8
1231,Comoros,9.961290169
6020,Vanuatu,11.252448605000001
3129,Lebanon,11.14674
5737,Tanzania,6.065797769
3401,Latvia,13.50590992
1163,Congo,9.314582634
3929,Mauritius,15.05727005
852,Bhutan,11.67940998
4985,El Salvador,12.56406608
5681,Türkiye,12.55862045
287,Australia,21.05459023
5419,Togo,9.9103899
3117,Lebanon,14.16059
5211,Slovakia,14.48703957
4681,Romania,11.51214981
4613,Paraguay,9.850580215
1795,Finland,15.87520027
5614,Trinidad and Tobago,12.26576996
5582,Tonga,14.61574162
524,Bulgaria,12.82250977
3752,Myanmar,7.474670172
5864,United States of America,15.96201992
4432,Philippines,11.36717987
651,Belarus,13.67629938
4417,Philippines,10.78501034
3149,Liberia,10.32064889
2084,Gambia,5.305985425
3222,Saint Lucia,13.40992892
2748,Jamaica,13.332418
2440,Hungary,13.43634033
3476,Monaco,11.96958591376549
5105,South Sudan,11.96958591376549
3277,Sri Lanka,12.7775566
466,Burkina Faso,5.865530014
4661,Qatar,13.49617958
1173,Congo,10.53042094
6143,South Africa,13.64371014
4754,Rwanda,10.40192032
1779,Ethiopia,8.126139641
5071,Serbia,13.41617966
4732,Russian Federation,15.7072401
6122,South Africa,13.09522311
162,Argentina,13.19059308
5747,Tanzania,8.999736089
313,Austria,15.95141029
3172,Libya,14.67286368
624,Bosnia and Herzegovina,12.9
3330,Lithuania,12.19863033
4314,Oman,14.63817978
866,Botswana,10.88855982
4445,Philippines,13.39021015
921,Central African Republic,7.335162868
1766,Ethiopia,2.884079933
6010,Viet Nam,12.79553629
3459,Monaco,11.96958591376549
3365,Luxembourg,11.82686996
3884,Mauritania,6.644999981
2237,Grenada,18.66202035
5701,Tuvalu,9.94137156
5911,Uzbekistan,11.66324043
4514,Poland,12.25127983
2493,Indonesia,13.74889386
2499,India,8.088162214
5726,Tuvalu,9.40443
1244,Comoros,11.78519004
3919,Mauritius,13.42304039
3689,Mali,4.391610146
5370,Syrian Arab Republic,9.164219856
1405,Czechia,16.21968079
1219,Comoros,8.202195985
1465,Djibouti,6.755274027
4892,Singapore,16.51959038
1928,Gabon,12.17173
1481,Dominica,12.959436875000002
1902,Micronesia,10.704932
5654,Tunisia,14.7186451
1800,Finland,17.03973007
1610,Ecuador,13.10713019
5760,Uganda,5.721580029
3780,Montenegro,12.544469485
23,Afghanistan,9.875836372
3928,Mauritius,15.31830978
4915,Solomon Islands,10.1988068
2490,Indonesia,13.35651016
4666,Qatar,12.21823025
3096,Lao People's Democratic Republic,11.09206963
536,Bulgaria,15.08736992
125,Andorra,13.30023874
1617,Ecuador,14.22512354
1360,Cyprus,13.53201962
2786,Japan,13.0659399
587,Bahamas,12.141925
2867,Kenya,10.26786041
4400,Peru,12.81361008
3830,Mongolia,14.6726923
2706,Italy,16.43112946
5628,Trinidad and Tobago,14.39769272
5898,Uzbekistan,10.80943012
5929,Saint Vincent and the Grenadines,12.66779151
6151,Zambia,8.142362595
5372,Syrian Arab Republic,9.164219856
45,Angola,5.817049225
1013,Chile,15.32625008
1031,China,9.119890213
3778,Montenegro,12.544469485
2992,Saint Kitts and Nevis,14.35250893
4622,Paraguay,12.16732025
825,Brunei Darussalam,14.62773037
169,Argentina,14.99421978
1593,Algeria,14.43048545
4115,Nicaragua,10.70237017
1653,Egypt,11.98482037
4331,Pakistan,5.223756057
3428,Morocco,7.084599972
4854,Senegal,8.975609779
6083,Yemen,6.889313694
2452,Hungary,15.2641201
5337,Seychelles,14.19937992
338,Azerbaijan,11.6598182
4106,Nicaragua,10.23749733
3790,Montenegro,12.8471899
1324,Cuba,12.97049046
4831,Sudan,7.945187858
2071,Guinea,8.783830166
4007,Namibia,11.61816025
2718,Italy,16.22678947
6171,Zambia,10.92797089
1456,Djibouti,4.50620985
5156,Suriname,11.67335669
2222,Grenada,16.7538281
4164,Norway,16.11097908
3718,Malta,13.36067009
1073,Côte d'Ivoire,7.624465275
1191,Colombia,11.36605501
3601,Mexico,13.03225994
3051,Kuwait,12.72832966
630,Bosnia and Herzegovina,14.17568
5770,Uganda,8.521662076
3737,Malta,15.70611954
3701,Mali,7.755449772
5626,Trinidad and Tobago,14.12607684
2357,Honduras,10.1966753
3750,Myanmar,7.347003539
2818,Kazakhstan,12.44013023
4119,Nicaragua,11.44569627
4305,Oman,12.0812397
1724,Spain,17.75741005
2737,Jamaica,12.56105456
2250,Guatemala,8.368612698
4171,Norway,17.0864296
499,Bangladesh,9.224510193
1496,Dominica,13.16086686
2469,Indonesia,10.06046009
1139,Democratic Republic of the Congo,8.856789589
6003,Viet Nam,12.43791733
2669,Israel,16.09560013
3596,Mexico,12.3741703
5045,Somalia,11.96958591376549
2929,Cambodia,10.53528976
4078,Nigeria,8.959830284
2284,Guyana,10.84093677
2686,Israel,16.05088997
3080,Lao People's Democratic Republic,7.918769836
3197,Libya,12.85428
5759,Tanzania,9.221489906
1727,Spain,17.91690063
2057,Guinea,4.87955752
1687,Eritrea,8.550202608
2363,Honduras,9.807000421
364,Burundi,4.851799965
464,Burkina Faso,4.932059765
2328,Hong Kong,16.3194294
5885,United States of America,16.28097916
3523,Madagascar,6.881858253
2033,Ghana,9.453829765
4772,Saudi Arabia,10.33930641
4095,Nigeria,10.12758388
5966,Venezuela (Bolivarian Republic of),12.02495956
2496,India,7.996357701
4422,Philippines,11.12605
4276,New Zealand,18.51130272
2271,Guatemala,10.56245041
4107,Nicaragua,10.55008888
1271,Cabo Verde,13.48058033
1041,China,11.72490025
4939,Sierra Leone,6.35281992
5368,Syrian Arab Republic,9.164219856
3195,Libya,12.789937
120,Andorra,13.495076
5748,Tanzania,9.293129921
2721,Jamaica,11.26696968
2001,Georgia,13.69944
3416,Latvia,15.81700039
4294,Oman,9.740269661
3132,Lebanon,11.28587
4974,El Salvador,12.34562016
4657,Qatar,12.45077491
5763,Uganda,5.477469921
5559,Timor-Leste,12.65309
4234,Nauru,9.548890114
5980,Venezuela (Bolivarian Republic of),12.81608
412,Belgium,19.5610199
6038,Vanuatu,11.09688717
3494,Moldova,8.651430579
2880,Kyrgyzstan,12.02089977
3897,Mauritania,9.02560997
